e9a3be818804609cca94a3fce29a14bd782972d7,2025-11-20
c0b17a72bb59b492f5a8a4dd05b9c87073e93fc4,2025-11-19
94014ed8cec650f1e37fc209842d5cac04f2ca30,2025-11-19
7a3583e7d4393a3e3be323880d787dcd448dca12,2025-11-19
42e3503e6a386f4aba648d684b5c60ee4dd9d739,2025-11-19
096dd96a90b220a4f77fd09bd779f0aaa8b4fa70,2025-11-19
500d59965790d502b25d22e9ea1f8e5920cf3120,2025-11-19
e7e35f2c976406f1a2bf1633cff689e2d8592774,2025-11-19
81312f16b3aa87f23b57bd2ae0bb3feb9a1da958,2025-11-19
807da37a3751168e55f1588777a728ebf760a47a,2025-11-19
936ffbf69fcb416fd7880306f2cd1d2e6f9955cb,2025-11-19
f7897f04d2602567002f9fb39fd6495005091fcf,2025-11-19
62f75f1375e68f75aa9d5cc22c2481383d12c2da,2025-11-19
f6df69509850cb97c883e97069155684eee489b5,2025-11-19
26e7812dba085f51cad021e7f782dfd651843302,2025-11-19
2891f432aa5b146a88035de1daed6a8adc29aaf0,2025-11-19
9a3d53ad8eba5bae9e6341b66f8b60ab3f942603,2025-11-18
0e6b096952c23d130c566cdefbf5fe2ecd99e199,2025-11-18
483f675bcfaed1177d0764cf267388f69e63f6a7,2025-11-17
02452d0869d2ef4ea630fb63985eac16440385fd,2025-11-17
1625924fc461b174ca0c03619a1adb2e6dde8514,2025-11-17
987a700eba13ef7cc679d259f9756add89d422ae,2025-11-17
bad6cd06d36fff9d09acc621baec54d1e7f77ec5,2025-11-17
5e3166ca2d126c5b442366dae9ed7c223697b5c4,2025-11-17
03429b9e452d37ac427eb35f2efe2ef1d7d296af,2025-11-17
460dfb17e4a05139755c51a212c64bb5f439f8f0,2025-11-16
bfb30b39aa7f31bf051b6935e0b9e6e0df6c771d,2025-11-16
67effa747c783f7f809282234f28e2db78d3cbae,2025-11-13
ed9b0b743f885965a831f64d1b9ba45f633a81d1,2025-11-13
c2f362e578d598ebf42c414acb7640c9fbdfe17b,2025-11-12
d491d6083b28fd2ab0208479c7a00430c2c1b02d,2025-11-12
4bc0d677a8dede95be46acd92e0f8c165544aa69,2025-11-12
1ccf6ff949684ed1977e07cee3622964d25116ec,2025-11-11
c87164d46bef2530fe960cecf625fa222174bbf2,2025-11-11
7f7988120dc924255611715d82161a6e5ba6e1ce,2025-11-11
32cc6d30d095ecaba4f87e411a31782ff882389c,2025-11-10
f74bb15bfaa283ce8426bb6e6119fb2e3dde4a5f,2025-11-10
c352618a1a00a4d31603ed2d6395e1ece9e32504,2025-11-10
16d3cc22f88471ca4c28529b0ce422bd6199bc15,2025-11-10
ceb4523340e328aced3a477ee29864d98ede6999,2025-11-09
cf742a6b657b1676f51e1d5f983519e1e0c5e3db,2025-11-09
dda6f302968cd3e8a78be2f1d5177fd702e02264,2025-11-09
b2a7adc19bd81cac230958297915eef8f6dc9bf0,2025-11-09
3dce7fcd5bc620ef37c98d2562df134945e426e0,2025-11-09
3613488a8bc1ea0afc1ea98ac6680af85b08134d,2025-11-09
72aa878de3aebc5b03d6fe0307050c41b077e20e,2025-11-09
66dc0f58febbbbce9685c07688b3d1fb7a1a06d7,2025-11-09
063b13b3f64f72be8e81c13e6cb2ca879160c8a7,2025-11-09
621089218527b39b866c814f7ee4b3fdef07f7c2,2025-11-09
26433ccecf85e674b4bd91e3f329a8175ada0752,2025-11-09
7c936bc0df0303df8508406b22ac8dc89cf0c89f,2025-11-09
ee93107d0b8e71e2dbf6713f9c478c42ac3708f0,2025-11-09
a991bf3b492ef7b48de3e43c342e955b03211070,2025-11-09
cb37e56019826d748383559bead13ca7f80c87f3,2025-11-09
9eb11b1f8e5285fc3cf758993a5027b99ffbf79b,2025-11-09
dc1ec62f217c274bc22811bee2f5f2ce93593f54,2025-11-06
27463ce481b384d43d1177ee9ebb43833bd5852a,2025-11-05
e5d027b8de4cd7f8545b595f4d896d31d35825b9,2025-11-05
6813190b2547e4a67aa1de13d6f0384a957fefee,2025-11-05
7ae10fcf7c8a465d08e4be4617a20d25eafb9b53,2025-11-05
ea8caf53a1b743c3494b6f31c24847ccfa0ca1a7,2025-11-05
031f6e742d38ddabbbc9e3cc1e300c3cf3521af6,2025-11-05
9fa965a43831a460b591e58d1fa531e88a801d78,2025-11-05
6caff4a9e0001b35fee85f5c8070012d4896e3c1,2025-11-04
01698ce1ff8541b4cff4425ca68806d4b308c928,2025-11-04
0a3d0e97480fe48230bb3373545e71669fed0f9d,2025-11-04
a642620f1ecb3efd6a9525fb3e5e86fd583ccc19,2025-10-29
c41c722cf3e140c1e856be99a17506a2528af573,2025-10-29
4b0df1a4fe6978e04f7b4c8c64aa1cf88d88abbe,2025-10-29
8201b9d4d48a49d4dbc1fa7e3f819ec1bda65db6,2025-10-29
6b19c6810f9f7101ab1d3463e776b83bbffe46e0,2025-10-29
421f91cd265d4c6b0a74af829e26ed7b73167b54,2025-10-29
0cf9a956b228203f92c5715dcd0308cd30b6454f,2025-10-29
9934e2ca1309f7b224ab3e0c0b714c6c243c9a44,2025-10-29
513077724193286892713b270143a0db90688ece,2025-10-29
286d58220bb01c51622e12a8f74cdbeda0e26ded,2025-10-29
1f0030d3fa01f47b0346318c875e3d0efbe4cee8,2025-10-29
8ee449a6019e6c2cf33cbfc9f3e9ee337c726e98,2025-10-29
2602877f752201ccfbc64b7634e58b95e53a37f0,2025-10-28
cf0013a09e001768e4e697806fbe68af91be7722,2025-10-28
925ed8b1244351c7b99f8702f668d2317d87d0ef,2025-10-27
0967fd61f1f3143a6df6a72add43d8ed75a414ce,2025-10-27
228a3196e17c8bce73a726b129958e4589da5f9f,2025-10-27
b6ec88b09deb2fe5563ad0fbde3fde1c6adc9a35,2025-10-27
bdcdd1e25a1518eaf9b22fda1b7b353a9bf46fb4,2025-10-27
f908767e193913282fa5b09249fcbb63e7e3ce0a,2025-10-27
01b43e6bc53ff33ed9001773d9f66d1746561cf9,2025-10-27
3236167dc849ee0240a90ede6283c5d8a400bc7f,2025-10-27
a924cf0ad684c2e1a0566c65072d4cb0622c5d58,2025-10-27
4057358ceccac33815036c1434600ace5ab2575d,2025-10-27
c48b60b60c9df15a1b44762f9b0ac0b1ce9ab598,2025-10-27
f2dd1e1749b7eb91cece3febded2111d40816a0c,2025-10-27
34ca331f36b72a3ff965614e2fc2250c51549830,2025-10-27
688465d5efefc7c2019d1a71488165eac0ea3829,2025-10-23
a65c328824daaa5e99ca26a4256ab20aa6816fb4,2025-10-23
66ea69b0ec9b5a817cee004fef725d6aa42c5f74,2025-10-23
6f96bc0a425ecb153ac26a5b1707ae0ea53dd2ac,2025-10-23
b847fe65ad394bba837aa688b6fb8e25138dd792,2025-10-21
f20c3501ac3ed89c0ad96d8d3b00ae003c285c6e,2025-10-21
feadd577412074cf3ecc86295f3ac2d384af1bd0,2025-10-20
724fd59762f32944a21878228710ada93e5c47ea,2025-10-20
a13fe9949e9ab16be2ac56736658f2f81fb2f816,2025-10-20
a7834099e51109af2fa341a57a78ee6679fa3c6a,2025-10-20
30cb0b15f0aa4e1bee88fe55cd0bae09870f6e90,2025-10-20
ad9e6af505f8b7066c35da6a46ea937e1a30872d,2025-10-20
25d70528e4846f2badbc14e6ae3f4b1139121fb9,2025-10-20
fb5001f71e1efbe12cf85c370bd81fb96b92886d,2025-10-20
7fc9c3e348ab798b54e3a89a2dabef22c74c96a3,2025-10-20
85128706ad109430cdcbde80e61725daf2bae551,2025-10-20
4bcf1d7faae4c9e98aefb3dcf44d810b3d0a7826,2025-10-20
36b22f5e4bb7d45d55039eadf6ae3eb6c9109803,2025-10-20
d1d93f1362b4e35da9b3ffd1c620bb858e78a49d,2025-10-20
5e7f1343c802e0fd2385948ade5965469af035fe,2025-10-20
a2a67ac82833eb42744968efcd620940a689f822,2025-10-20
1324feac08941ae7d6cad6c209316ba17f082f8e,2025-10-19
6f1d418da8bd48d0211d38f204c9ad9d44d21a63,2025-10-19
9223b461f931a5123b75f9a87d96e24acd802030,2025-10-19
970d3924ef9ce16e1dafec1a10b2c17a4eace43a,2025-10-19
69d6959cda3fb1f4ffbcfa34fb359a67fd725fc5,2025-10-19
b385c387dc8177fb91acb6d893e45052a247de55,2025-10-19
75cf8a60b45805e42a5dbec20061332a345a8dbb,2025-10-17
a452ab21173c77e76c8887af377fa03735375e96,2025-10-17
ac367873717a714407623a3eac8cb4b707c56307,2025-10-16
67f52f2a6ae864a91293b2e27dd2f7e37fdc13e3,2025-10-16
5bcec6e3a108a1281a7c6dcf26d638ca8d292bf6,2025-10-16
c2eba3cba491f493337dc48a1ed66a85114f57c7,2025-10-16
3e102f938d4254e8017ca880129edd1ce338c022,2025-10-16
e4f2ae9531b848a0e0292aee1a46b62fbd2e1465,2025-10-16
395dac59ae303ce4e7cccfe41d7a6188922578ce,2025-10-15
7ef98321f26bb5eb97a107593a939cd314b02411,2025-10-15
8a3d19058dad09bb016eea18a1275fff4824d7ff,2025-10-15
aa3805f0bcd64d2a8068d41e41a36f9d253b51b4,2025-10-15
33837a301412a18ae73cecced4b96c3eb7f5c3b5,2025-10-01
31dbc0ec21befdc439df18aaec78de4c59826d37,2025-10-01
d9f87cadb3c87dd4afdadd313a1bb9b674a2ea4c,2025-10-01
d735b0333b0bde446381cbf52d2c5ad9b4b78aec,2025-10-01
a78f855832c946f91a40d81343d3be0a0225b6e1,2025-10-01
29b6a8b31003b060c905eb5d65be0194e480adc7,2025-09-25